{
  "002475.SZ": {
    "简称": "立讯精密",
    "日期": 20260618,
    "时间": "11:30:00",
    "前收": 67.32000000000001,
    "今开": 67,
    "最高": 69.93,
    "现价": 68.71000000000001,
    "现额": 178556,
    "现量": 2600,
    "最新成交价": 68.71000000000001,
    "成交量": 116952768,
    "成交额": 8035245997,
    "涨跌": 1.3900000000000001,
    "涨跌幅": 2.06,
    "成交笔数": 243716,
    "振幅": 0.0523,
    "1分钟涨跌幅": 0.0006000000000000001,
    "3分钟涨跌幅": 0.0025,
    "5分钟涨跌幅": -0.0007,
    "5日涨跌幅": 0.064,
    "竞价涨跌幅": -0.0048000000000000004,
    "当日净流入率": 0.12710000000000002,
    "5日净流入率": 0.3836,
    "10日净流入率": 0.0777,
    "委买总量": 0,
    "委卖总量": 0,
    "当日净流入额": 638376744,
    "5日净流入额": 1906785082,
    "当日机构大户净流入占比": 0.12710000000000002,
    "当日机构买入成交量": 48352739,
    "当日机构卖出成交量": 38840955,
    "当日大户买入成交量": 13446282,
    "当日大户卖出成交量": 13717108,
    "当日中户买入成交量": 1103154,
    "当日中户卖出成交量": 891330,
    "当日散户买入成交量": 16800,
    "当日散户卖出成交量": 3000,
    "当日大户净买入成交量": -270826,
    "当日中户净买入成交量": 211824,
    "当日散户净买入成交量": 13800,
    "机构资金净流入": 657366690,
    "大户资金净流入": -18989946,
    "中户资金净流入": 14628808,
    "散户资金净流入": 946967,
    "当日机构买入成交额": 3321601390,
    "当日机构卖出成交额": 2664234700,
    "机构主买入金额": 3321601390,
    "大户主买入金额": 926530657,
    "资金主动净流入量": 0
  },
  "002384.SZ": {
    "简称": "东山精密",
    "日期": 20260618,
    "时间": "11:30:00",
    "前收": 256.92,
    "今开": 256.92,
    "最高": 277.6,
    "现价": 274.13,
    "现额": 2494589,
    "现量": 9100,
    "最新成交价": 274.13,
    "成交量": 53652165,
    "成交额": 14244435626,
    "涨跌": 17.21,
    "涨跌幅": 6.7,
    "成交笔数": 213622,
    "振幅": 0.0874,
    "1分钟涨跌幅": -0.0001,
    "3分钟涨跌幅": 0.0005,
    "5分钟涨跌幅": -0.005,
    "5日涨跌幅": 0.2993,
    "竞价涨跌幅": 0,
    "当日净流入率": 0.33,
    "5日净流入率": 1.5770000000000002,
    "10日净流入率": 0.52,
    "委买总量": 0,
    "委卖总量": 0,
    "当日净流入额": 1231713915,
    "5日净流入额": 5232239601,
    "当日机构大户净流入占比": 0.33,
    "当日机构买入成交量": 25054904,
    "当日机构卖出成交量": 20845674,
    "当日大户买入成交量": 3518898,
    "当日大户卖出成交量": 3153507,
    "当日中户买入成交量": 39682,
    "当日中户卖出成交量": 59200,
    "当日散户买入成交量": 0,
    "当日散户卖出成交量": 0,
    "当日大户净买入成交量": 365391,
    "当日中户净买入成交量": -19518,
    "当日散户净买入成交量": 0,
    "机构资金净流入": 1132912441,
    "大户资金净流入": 98801474,
    "中户资金净流入": -5268985,
    "散户资金净流入": 0,
    "当日机构买入成交额": 6652369412,
    "当日机构卖出成交额": 5519456971,
    "机构主买入金额": 6652369412,
    "大户主买入金额": 947315285,
    "资金主动净流入量": 0
  },
  "600459.SH": {
    "简称": "贵研铂业",
    "日期": 20260618,
    "时间": "11:30:01",
    "前收": 26.52,
    "今开": 26.28,
    "最高": 26.88,
    "现价": 25.8,
    "现额": 5160,
    "现量": 200,
    "最新成交价": 25.8,
    "成交量": 44867696,
    "成交额": 1176654086,
    "涨跌": -0.72,
    "涨跌幅": -2.7100000000000004,
    "成交笔数": 61589,
    "振幅": 0.049,
    "1分钟涨跌幅": 0,
    "3分钟涨跌幅": -0.0004,
    "5分钟涨跌幅": -0.0031000000000000003,
    "5日涨跌幅": 0.0275,
    "竞价涨跌幅": -0.009000000000000001,
    "当日净流入率": -0.5534,
    "5日净流入率": -3.4243,
    "10日净流入率": -0.9915,
    "委买总量": 0,
    "委卖总量": 0,
    "当日净流入额": -110035058,
    "5日净流入额": -669956174,
    "当日机构大户净流入占比": -0.5534,
    "当日机构买入成交量": 2219227,
    "当日机构卖出成交量": 3165154,
    "当日大户买入成交量": 10627546,
    "当日大户卖出成交量": 13886050,
    "当日中户买入成交量": 6477497,
    "当日中户卖出成交量": 6785251,
    "当日散户买入成交量": 606120,
    "当日散户卖出成交量": 777024,
    "当日大户净买入成交量": -3258504,
    "当日中户净买入成交量": -307754,
    "当日散户净买入成交量": -170904,
    "机构资金净流入": -24811018,
    "大户资金净流入": -85224041,
    "中户资金净流入": -7393885,
    "散户资金净流入": -4418905,
    "当日机构买入成交额": 58514954,
    "当日机构卖出成交额": 83325972,
    "机构主买入金额": 58514954,
    "大户主买入金额": 279128320,
    "资金主动净流入量": 0
  },
  "000988.SZ": {
    "简称": "华工科技",
    "日期": 20260618,
    "时间": "11:30:00",
    "前收": 170.51,
    "今开": 169.11,
    "最高": 181.57,
    "现价": 179.72,
    "现额": 1042350,
    "现量": 5800,
    "最新成交价": 179.72,
    "成交量": 55369656,
    "成交额": 9720277966,
    "涨跌": 9.21,
    "涨跌幅": 5.4,
    "成交笔数": 197362,
    "振幅": 0.07540000000000001,
    "1分钟涨跌幅": 0,
    "3分钟涨跌幅": -0.0016,
    "5分钟涨跌幅": -0.0047,
    "5日涨跌幅": 0.1961,
    "竞价涨跌幅": -0.0082,
    "当日净流入率": 0.6137,
    "5日净流入率": 2.5447,
    "10日净流入率": 1.1880000000000002,
    "委买总量": 0,
    "委卖总量": 0,
    "当日净流入额": 1099426318,
    "5日净流入额": 4279878768,
    "当日机构大户净流入占比": 0.6137,
    "当日机构买入成交量": 24231363,
    "当日机构卖出成交量": 18855038,
    "当日大户买入成交量": 6193025,
    "当日大户卖出成交量": 5402031,
    "当日中户买入成交量": 182008,
    "当日中户卖出成交量": 161191,
    "当日散户买入成交量": 0,
    "当日散户卖出成交量": 1000,
    "当日大户净买入成交量": 790994,
    "当日中户净买入成交量": 20817,
    "当日散户净买入成交量": -1000,
    "机构资金净流入": 959355717,
    "大户资金净流入": 140070601,
    "中户资金净流入": 3614675,
    "散户资金净流入": -180264,
    "当日机构买入成交额": 4258254887,
    "当日机构卖出成交额": 3298899170,
    "机构主买入金额": 4258254887,
    "大户主买入金额": 1092011920,
    "资金主动净流入量": 0
  },
  "600487.SH": {
    "简称": "亨通光电",
    "日期": 20260618,
    "时间": "11:30:01",
    "前收": 111,
    "今开": 111.03,
    "最高": 116.66,
    "现价": 114.5,
    "现额": 125932,
    "现量": 1100,
    "最新成交价": 114.5,
    "成交量": 126884761,
    "成交额": 14468925557,
    "涨跌": 3.5,
    "涨跌幅": 3.15,
    "成交笔数": 371454,
    "振幅": 0.07100000000000001,
    "1分钟涨跌幅": 0,
    "3分钟涨跌幅": 0.0002,
    "5分钟涨跌幅": -0.0017000000000000001,
    "5日涨跌幅": 0.1182,
    "竞价涨跌幅": 0.00030000000000000003,
    "当日净流入率": 0.052000000000000005,
    "5日净流入率": -0.812,
    "10日净流入率": -1.002,
    "委买总量": 0,
    "委卖总量": 0,
    "当日净流入额": 152579910,
    "5日净流入额": -1782793492,
    "当日机构大户净流入占比": 0.052000000000000005,
    "当日机构买入成交量": 54492755,
    "当日机构卖出成交量": 53488190,
    "当日大户买入成交量": 8548983,
    "当日大户卖出成交量": 8282171,
    "当日中户买入成交量": 270612,
    "当日中户卖出成交量": 182114,
    "当日散户买入成交量": 800,
    "当日散户卖出成交量": 800,
    "当日大户净买入成交量": 266812,
    "当日中户净买入成交量": 88498,
    "当日散户净买入成交量": 0,
    "机构资金净流入": 121765851,
    "大户资金净流入": 30814059,
    "中户资金净流入": 10173658,
    "散户资金净流入": 40,
    "当日机构买入成交额": 6212474898,
    "当日机构卖出成交额": 6090709047,
    "机构主买入金额": 6212474898,
    "大户主买入金额": 981547568,
    "资金主动净流入量": 0
  },
  "603211.SH": {
    "简称": "晋拓股份",
    "日期": 20260618,
    "时间": "11:29:59",
    "前收": 33.13,
    "今开": 33.79,
    "最高": 36.44,
    "现价": 36.44,
    "现额": 3644,
    "现量": 100,
    "最新成交价": 36.44,
    "成交量": 8769700,
    "成交额": 310570002,
    "涨跌": 3.31,
    "涨跌幅": 9.99,
    "成交笔数": 14949,
    "振幅": 0.10350000000000001,
    "1分钟涨跌幅": 0,
    "3分钟涨跌幅": 0,
    "5分钟涨跌幅": 0,
    "5日涨跌幅": 0.1012,
    "竞价涨跌幅": 0.0199,
    "当日净流入率": 1.0545,
    "5日净流入率": 1.1293,
    "10日净流入率": 3.4733,
    "委买总量": 0,
    "委卖总量": 0,
    "当日净流入额": 103475935,
    "5日净流入额": 113890257,
    "当日机构大户净流入占比": 1.0545,
    "当日机构买入成交量": 2135000,
    "当日机构卖出成交量": 214700,
    "当日大户买入成交量": 2237800,
    "当日大户卖出成交量": 1292000,
    "当日中户买入成交量": 1453900,
    "当日中户卖出成交量": 834900,
    "当日散户买入成交量": 397600,
    "当日散户卖出成交量": 88500,
    "当日大户净买入成交量": 945800,
    "当日中户净买入成交量": 619000,
    "当日散户净买入成交量": 309100,
    "机构资金净流入": 69290807,
    "大户资金净流入": 34185128,
    "中户资金净流入": 22406474,
    "散户资金净流入": 11301078,
    "当日机构买入成交额": 76541226,
    "当日机构卖出成交额": 7250419,
    "机构主买入金额": 76541226,
    "大户主买入金额": 79145644,
    "资金主动净流入量": 0
  },
  "600206.SH": {
    "简称": "有研新材",
    "日期": 20260618,
    "时间": "11:30:02",
    "前收": 39.79,
    "今开": 38.79,
    "最高": 41.92,
    "现价": 41.37,
    "现额": 12412,
    "现量": 300,
    "最新成交价": 41.37,
    "成交量": 89204945,
    "成交额": 3630333219,
    "涨跌": 1.58,
    "涨跌幅": 3.9699999999999998,
    "成交笔数": 201274,
    "振幅": 0.0787,
    "1分钟涨跌幅": 0.0002,
    "3分钟涨跌幅": 0.019200000000000002,
    "5分钟涨跌幅": 0.0167,
    "5日涨跌幅": 0.2082,
    "竞价涨跌幅": -0.0251,
    "当日净流入率": 0.3277,
    "5日净流入率": 0.3176,
    "10日净流入率": 3.3438000000000003,
    "委买总量": 0,
    "委卖总量": 0,
    "当日净流入额": 118811816,
    "5日净流入额": 168637932,
    "当日机构大户净流入占比": 0.3277,
    "当日机构买入成交量": 25336612,
    "当日机构卖出成交量": 22490161,
    "当日大户买入成交量": 16095021,
    "当日大户卖出成交量": 16166902,
    "当日中户买入成交量": 3770166,
    "当日中户卖出成交量": 3812364,
    "当日散户买入成交量": 154319,
    "当日散户卖出成交量": 157400,
    "当日大户净买入成交量": -71881,
    "当日中户净买入成交量": -42198,
    "当日散户净买入成交量": -3081,
    "机构资金净流入": 120113033,
    "大户资金净流入": -1301217,
    "中户资金净流入": -1724749,
    "散户资金净流入": -119818,
    "当日机构买入成交额": 1031691014,
    "当日机构卖出成交额": 911577980,
    "机构主买入金额": 1031691014,